1,абрикосовое варенье,г
2,абрикосовое пюре,г
3,абрикосовый джем,г
4,абрикосовый сок,стакан
5,абрикосы,г
6,абрикосы консервированные,г
7,авокадо,по вкусу
8,агава сироп,г
9,агар-агар,г
10,аграм,г
11,аджика,г
12,аджика зеленая,г
13,айва,по вкусу
14,айвовое пюре,г
15,айран,г
16,айсинг,г
17,акула стейки,г
18,алкоголь,стакан
19,алкоголь крепкий,ст. л.
20,алыча,г
21,альбухара,шт.
22,альмехи,г
23,амарантовая мука,г
24,ананасовый сироп,г
25,ананасовый сок,г
26,ананасы,г
27,ананасы вяленые,г
28,ананасы консервированные,по вкусу
29,анис,по вкусу
30,анис звездочки,г
31,анисовый ликер,мл
32,анис семена,г
33,анчоусы,г
34,апельсиновая вода,г
35,апельсиновая цедра,г
36,апельсиновая эссенция,ч. л.
37,апельсиновое варенье,г
38,апельсиновые цукаты,г
39,апельсиновый джем,г
40,апельсиновый джем с имбирем,г
41,апельсиновый ликер,г
42,апельсиновый сироп,стакан
43,апельсиновый сок,г
44,апельсиновый сок свежевыжатый,г
45,апельсиновый уксус,ст. л.
46,апельсиновый экстракт,ч. л.
47,апельсины,г
48,апельсины красные,шт.
49,апельсины крупные,шт.
50,арахис,г
51,арахис жареный,г
52,арахисовая паста,г
53,арахисовое масло,г
54,арахис соленый,г
55,арбузная мякоть,г
56,арбузы,г
57,аргановое масло,г
58,аришта,г
59,ароматизатор,г
60,"ароматизатор ""ананас""",по вкусу
61,"ароматизатор ""вишня""",капля
62,"ароматизатор ""малина""",капля
63,"ароматизатор ""ром""",г
64,артишоки,г
65,артишоки в масле,г
66,артишоки маринованные,г
67,аспирин,шт.
68,ассорти мясное,г
69,ассорти овощное,г
70,ассорти фруктовое,г
71,ассорти ягодное,г
72,аши,г
73,багет,г
74,багет вчерашний,г
75,багет мини,г
76,бадан,звездочка
77,бадьян,щепотка
78,базилик лимонный,г
79,базилик свежий,г
80,базилик сушеный,г
81,базилик тайский,горсть
82,базилик фиолетовый,г
83,баклажаны,по вкусу
84,баклажаны мини,г
85,баклажаны тайские,г
86,балык,г
87,бальзам,г
88,бальзамический крем,стакан
89,бальзамический соус,ст. л.
90,бальзамический уксус,стакан
91,бальзам рижский черный,ст. л.
92,бамия,г
93,банановое пюре,г
94,банановые чипсы,горсть
95,банановый зеленый сироп,мл
96,банановый ликер,мл
97,бананы,г
98,бананы мини,г
99,барабулька,г
100,бараний ливер,г
101,бараний окорок на косточке,кусок
102,бараний фарш,г
103,баранина,г
104,баранки,г
105,бараньи антрекоты,кг
106,бараньи голяшки,шт.
107,бараньи потроха,кг
108,бараньи ребрышки,шт.
109,баранья лопатка,кг
110,баранья нога,г
111,баранья печень,г
112,барбарис,г
113,барбарис вяленый,ст. л.
114,барбарис молотый,г
115,бастурма,г
116,батат,г
117,батон,г
118,батончики шоколадные,г
119,безе,г
120,бекон,по вкусу
121,бекон варено-копченый,г
122,бекон сырокопченый,г
123,белорыбица,г
124,бирнель,мл
125,бисквик смесь готовая,пакет
126,бисквит,г
127,бисквитная крошка,г
128,бисквитный корж,г
129,бисквитный рулет,г
130,бисквит шоколадный,г
131,бифштекс,шт.
132,блинная мука,г
133,блины готовые,г
134,блины овсяные,шт.
135,бобовые ростки,г
136,бобы,г
137,бобы мунг пророщенные,г
138,бобы тонка,шт.
139,ботарга,г
140,брезаола,г
141,бренди,г
142,брокколи замороженная,г
143,брокколи свежая,г
144,брусника замороженная,г
145,брусника свежая,г
146,брусника сушеная,г
147,брусничное варенье,г
148,брусничный соус,г
149,брынза,по вкусу
150,брынза сербская,г
151,брюква,г
152,буженина,г
153,бузина сироп,ст. л.
154,букет гарни,пучок
155,булгур,г
156,булка,кусок
157,булка белая,г
158,булка сдобная,г
159,булочки,г
160,булочки белые черствые,г
161,булочки бриошь,шт.
162,булочки вчерашние,шт.
163,булочки для гамбургеров,шт.
164,булочки зерновые,шт.
165,булочки ржаные,кусок
166,булочки с кунжутом,шт.
167,бульон,г
168,бульонные кубики,г
169,бурбон,г
170,Буррата,г
171,буряк,г
172,бусинки кондитерские,ч. л.
173,бусинки кондитерские серебряные,по вкусу
174,бычий хвост,г
175,ванилин,г
176,ваниль в стручках,г
177,ванильная настойка,ст. л.
178,ванильная эссенция,г
179,ванильный порошок,г
180,ванильный сироп,г
181,ванильный экстракт,по вкусу
182,варенье,г
183,васаби,г
184,вафельная крошка,г
185,вафельные коржи,г
186,вафельные трубочки,г
187,вафли,г
188,вафли шоколадные,г
189,вермишель,г
190,вермишель яичная,г
191,вермут,г
192,вермут белый,г
193,вермут сухой,г
194,ветчина,г
195,ветчина вареная,г
196,ветчина варено-копченая,кусок
197,ветчина копченая,г
198,ветчина пармская,г
199,ветчина сырокопченая,г
200,вешенки,г
201,винегрет,г
202,винный камень,щепотка
203,винный уксус,г
204,винный уксус белый,г
205,винный уксус красный,ч. л.
206,винный уксус на чесноке,ч. л.
207,винный уксус на эстрагоне,ст. л.
208,вино белое,по вкусу
209,вино белое полусладкое,г
210,вино белое полусухое,г
211,вино белое сладкое,г
212,вино белое столовое,стакан
213,вино белое сухое,г
214,виноград,г
215,виноград без косточек,г
216,виноград белый,г
217,виноград изабелла,кг
218,виноградное желе,ст. л.
219,виноградные листья,г
220,виноградные листья маринованные,г
221,виноградные листья молодые,шт.
222,виноградный сок,г
223,виноградный сок осветленный,ч. л.
224,виноград синий,г
225,виноград черный,г
226,вино десертное,г
227,вино игристое сухое,г
228,вино красное,г
229,вино красное полусладкое,г
230,вино красное полусухое,г
231,вино красное сладкое,г
232,вино красное сухое,г
233,вино крепленое,г
234,вино розовое полусладкое,ст. л.
235,вино розовое полусухое,г
236,виски,г
237,витамин C в порошке,г
238,вишневая настойка,мл
239,вишневое варенье,г
240,вишневые листья,г
241,вишневый джем,г
242,вишневый ликер,по вкусу
243,вишневый сироп,стакан
244,вишневый сок,г
245,вишня,г
246,вишня вяленая,г
247,вишня замороженная,г
248,вишня засахаренная кондитерская,шт.
249,вишня коктейльная,г
250,вишня мараскино,шт.
251,"вишня, протертая с сахаром",г
252,вода,г
253,вода минеральная без газа,стакан
254,вода минеральная газированная,г
255,водка,г
256,водка анисовая,ч. л.
257,водоросли,г
258,вустерширский соус,г
259,галангал корень,долька
260,галеты,г
261,гамбургер,г
262,ганаш,г
263,гарам масала,г
264,гарнир,г
265,гаспачо,г
266,гвоздика,г
267,гвоздика молотая,г
268,герань листья,по вкусу
269,геркулес,г
270,глазурь,г
271,глазурь белая,г
272,глазурь готовая,г
273,глазурь черная,по вкусу
274,глазурь шоколадная белая,по вкусу
275,глутамат натрия,г
276,глюкоза,г
277,глюкоза сироп,г
278,говядина,г
279,говядина на кости,г
280,говяжий фарш,г
281,говяжий язык,по вкусу
282,говяжье сердце,г
283,говяжьи бифштексы,по вкусу
284,говяжьи голяшки,г
285,говяжьи легкие,г
286,говяжьи ребра,г
287,говяжьи стейки рибай,г
288,говяжья вырезка,г
289,говяжья грудинка,шт.
290,говяжья лопатка,кг
291,говяжья мозговая кость,г
292,говяжья мякоть,шт.
293,говяжья печень,кг
294,говяжья черева,шт.
295,говяжья шейка,г
296,годжи,кг
297,голец филе,г
298,голубика,шт.
299,голубика замороженная,г
300,голубь,г
301,горбуша,г
302,горбуша в собственном соку,по вкусу
303,горбуша филе,банка
304,горгонзола,г
305,горгонзола пиканте,г
306,горох,г
307,горох колотый,г
308,гороховые ростки,г
309,гороховый суп,горсть
310,горошек зеленый,г
311,горошек зеленый замороженный,г
312,горошек зеленый консервированный,г
313,горошек стручковый свежий,г
314,горчица,г
315,горчица дижонская,г
316,горчица дижонская с медом,г
317,горчица желтая семена,г
318,горчица острая,г
319,горчица русская,г
320,горчица семена,ст. л.
321,горчица с зернами,г
322,горчица сухая,г
323,горчица французская,г
324,горчица цитрусовая,г
325,горчичное масло,г
326,горчичный порошок,г
327,грана падано,г
328,гранатные зерна,ст. л.
329,гранатовая паста,г
330,гранатовый сироп,ст. л.
331,гранатовый сок,г
332,гранатовый сок свежевыжатый,г
333,гранатовый соус,мл
334,гранаты,ч. л.
335,гранита,г
336,гранола с орехами,г
337,граппа,г
338,гратен,ч. л.
339,грейпфрутовая цедра,кг
340,грейпфрутовый сок,г
341,грейпфруты,г
342,грейпфруты розовые,г
343,гренадин,г
344,гренки,г
345,грецкие орехи,г
346,грецкие орехи рубленые,г
347,гречневая крупа,г
348,гречневая крупа зеленая,г
349,гречневая лапша соба,ст. л.
350,гречневая мука,г
351,гречневое молоко,г
352,гречневые хлопья,стакан
353,грибы,г
354,грибы белые,г
355,грибы белые замороженные,г
356,грибы белые маринованные,г
357,грибы белые сухие,г
358,грибы замороженные,г
359,грибы замороженные (опята и маслята),г
360,грибы лесные,г
361,грибы маринованные,г
362,грибы свежие,г
363,грибы соленые,г
364,грибы соломенные консервированные,г
365,грибы сухие,шт.
366,грибы шиитаке,г
367,грибы шиитаке сухие,г
368,гриль,г
369,гриссини,г
370,грудинка,г
371,грудинка варено-копченая,г
372,грудинка копченая,г
373,грушевое пюре,по вкусу
374,грушевый ликер,г
375,грушевый сироп,мл
376,грушевый сок,мл
377,грушевый уксус,г
378,груши,ст. л.
379,груши вяленые,по вкусу
380,грюйер,г
381,гуава,г
382,гуанчиале,шт.
383,гурьевская каша,г
384,гусиная грудка копченая,г
385,гусиная печень,г
386,гусиный жир,г
387,гусь,ст. л.
388,гусь тушка,г
389,дайкон,кг
390,детское питание,г
391,джем,г
392,джин,г
393,джусай,г
394,диоксид титана,г
395,долма,г
396,дорада,г
397,дорада потрошеная с головой,шт.
398,дорада с головой,шт.
399,дорада тушка,шт.
400,драже,шт.
401,дрожжи домашние,г
402,дрожжи свежие,г
403,дрожжи сухие,г
404,дубовая кора,по вкусу
405,душица,г
406,дыня,г
407,ежевика,г
408,ежевика замороженная,г
409,ерш,г
410,ёрш-носарь,г
411,желатин,шт.
412,желатин листовой,г
413,желе,по вкусу
414,желе для торта,г
415,желирующее вещество,упаковка
416,желирующий сахар,упаковка
417,женьшень,г
418,жидкий дым,г
419,жимолость,г
420,жир,г
421,жир вытопленный,г
422,жир кулинарный,стакан
423,жир растительный,г
424,заатар,г
425,завтрак сухой,щепотка
426,завтрак сухой подушечки,г
427,загуститель для сливок,г
428,зайчатина,г
429,закваска,г
430,закваска вечная,пакет
431,заменитель сахара,г
432,заменитель сахара стевия,по вкусу
433,заправка для салатов готовая,г
434,зверобой,г
435,зелень,по вкусу
436,зелень рубленая,г
437,земляника,г
438,земляника замороженная,по вкусу
439,зефир,г
440,зира,г
441,злаковые хлопья,г
442,зубатка,г
443,зубатка филе,г
444,изолят соевого протеина,г
445,изюм,г
446,изюм без косточек,г
447,изюм белый,г
448,изюм черный,г
449,икра,г
450,икра вяленой рыбы,г
451,икра горбуши зернистая,г
452,икра красная,г
453,икра красной рыбы мелкая,г
454,икра летучей рыбы,г
455,икра лосося,г
456,икра мойвы,г
457,икра палтуса,г
458,икра судака,г
459,икра черная,г
460,имбирное варенье,г
461,имбирное печенье,г
462,имбирные цукаты,по вкусу
463,имбирь,ст. л.
464,имбирь засахаренный,г
465,имбирь корень,г
466,имбирь маринованный,г
467,имбирь молотый,г
468,индейка,г
469,индейка голень,г
470,индейка грудка,г
471,индейка копченая,г
472,индейка тушка,г
473,индейка фарш,шт.
474,индейка филе,г
475,индоутка,г
476,индюшачья печень,шт.
477,инжир,г
478,инжир свежий,г
479,инжир сушеный,г
480,ирга,г
481,ириски,г
482,итальянские травы,г
483,йогурт,г
484,йогурт греческий,г
485,йогурт жирный,г
486,йогурт козий,г
487,йогурт натуральный,г
488,йогурт нежирный,г
489,йогурт обезжиренный,г
490,йогурт фруктовый,г
491,кабачки,г
492,кабачки замороженные,г
493,кабачки молодые,г
494,каджунская смесь специй,г
495,какао,ст. л.
496,какао-бобы,горсть
497,какао-масло,г
498,какао-порошок,г
499,какао-порошок обезжиренный,по вкусу
500,какао сгущенное,г
501,калина,банка
502,калина протертая,по вкусу
503,калинджи семена,г
504,кальвадос,ч. л.
505,кальмары,г
506,кальмары вареные,г
507,кальмары замороженные,г
508,кальмары консервированные,г
509,кальмары филе,г
510,камамбер,шт.
511,камбала,упаковка
512,камбала филе,г
513,кампари,г
514,кандурин золотой,мл
515,каннеллони,ч. л.
516,капеллини,г
517,каперсы,г
518,каперсы в винном уксусе,г
519,каперсы маринованные,г
520,капуста белокочанная,г
521,капуста брюссельская,г
522,капуста брюссельская замороженная,г
523,капуста кале,г
524,капуста квашеная,г
525,капуста кольраби,по вкусу
526,капуста краснокочанная,г
527,капуста морская,г
528,капуста морская замороженная,по вкусу
529,капуста морская сушеная,г
530,капуста пекинская,г
531,капуста савойская,г
532,капуста цветная,г
533,капуста цветная замороженная,г
534,капустный рассол,г
535,капучино,г
536,каракатица,г
537,каракатица очищенная,г
538,карамбола,г
539,карамель,г
540,карамельный соус,мл
541,карамель с начинкой,г
542,карамель соленая,г
543,карась,г
544,карбонад,г
545,кардамон,г
546,кардамон зерна,г
547,кардамон молотый,ч. л.
548,кардамон стручки,г
549,каркаде,шт.
550,карп,г
551,карп зеркальный,г
552,карп филе,кг
553,карри,кг
554,карри листья,г
555,карри паста,г
556,картофель,пакет
557,картофель вареный,г
558,картофель вареный в мундире,г
559,картофель молодой,г
560,картофельное пюре,г
561,картофельные ньокки,по вкусу
562,картофельные хлопья,г
563,картофельные чипсы,г
564,картофельный крахмал,г
565,картофельный отвар,г
566,картофельный хэш замороженный,г
567,картофель печеный,г
568,катык,г
569,каффир-лайм листья,г
570,каша,по вкусу
571,каша для детского питания,г
572,каштановая мука,г
573,каштановый крем,г
574,каштаны,г
575,каштаны вареные,г
576,каштаны консервированные,г
577,каштаны очищенные,г
578,квас,г
579,квасное сусло,г
580,квасной концентрат сухой,г
581,квас хлебный,упаковка
582,кедровая мука,г
583,кедровые орехи,г
584,кедровые орехи жареные,г
585,кета,г
586,кетчуп острый,г
587,кетчуп томатный,по вкусу
588,кетчуп тосканский,г
589,кетчуп шашлычный,ст. л.
590,кефаль,г
591,кефир,г
592,кефир 1%,по вкусу
593,"кефир 2,5%",г
594,"кефир 3,2%",г
595,кефир обезжиренный,г
596,кешью,г
597,кивано,г
598,киви,г
599,киви желе,кг
600,кижуч,г
601,кижуч горячего копчения филе,г
602,кизил,г
603,килька,г
604,кимчи,г
605,кинза свежая,г
606,кинза сушеная,зубчик
607,киноа,г
608,киноа молотая,г
609,кипяток,г
610,кирш,г
611,кисель,ст. л.
612,кисель сухой,г
613,кисломолочный напиток Тан,г
614,кишки,мл
615,клейковина,г
616,клементины,г
617,кленовый сироп,г
618,клубника,г
619,клубника в сиропе,г
620,клубника замороженная,г
621,"клубника, протертая с сахаром",г
622,клубника сушеная,г
623,клубничное варенье,г
624,клубничное желе,г
625,клубничное пюре,упаковка
626,клубничный джем,г
627,клубничный джем густой,г
628,клубничный компот,мл
629,клубничный ликер,стакан
630,клубничный сироп,г
631,клюква,г
632,клюква вяленая,г
633,клюква замороженная,г
634,"клюква, протертая с сахаром",г
635,клюквенное варенье,г
636,клюквенный джем,г
637,клюквенный морс,г
638,клюквенный сироп,ст. л.
639,клюквенный соус,г
640,козлиная печень,г
641,козлятина молодая,г
642,кока-кола,кг
643,кокосовая вода,ст. л.
644,кокосовая мука,стакан
645,кокосовая стружка,ст. л.
646,кокосовая стружка цветная,г
647,кокосовое масло,г
648,кокосовое молоко,мл
649,кокосовые сливки,г
650,кокосовый ликер,г
651,кокосовый экстракт,ст. л.
652,кокосы,г
653,кола,г
654,колбаса,г
655,колбаса вареная,г
656,колбаса варено-копченая,г
657,колбаса копченая,г
658,колбаса кровяная,г
659,колбаса полукопченая,г
660,колбаса сырокопченая,г
661,колбаска свиная свежая (salsiccia),г
662,колбаски,шт.
663,колбаски для жарки,г
664,колбаски домашние,г
665,колбаски охотничьи,шт.
666,колбаски сырокопченые,г
667,компот,шт.
668,конопляное масло,г
669,конопля семена,ст. л.
670,конфеты,г
671,конфеты M&M’s,по вкусу
672,конфеты жевательные лакричные,г
673,конфеты Коровка,г
674,конфеты Трюфель,г
675,конфитюр,г
676,конфитюрка,по вкусу
677,коньяк,упаковка
678,копчености,г
679,коренья,г
680,кориандр,по вкусу
681,кориандр зелень,г
682,кориандр молотый,г
683,кориандр семена,г
684,коринка,г
685,корица,ст. л.
686,корица молотая,г
687,корнишоны,г
688,корнишоны маринованые,г
689,корюшка,г
690,корюшка горячего копчения,г
691,кости,г
692,кости мозговые,г
693,кость сахарная,г
694,кофе в зернах,г
695,кофе зеленый,стакан
696,кофейные зерна в шоколаде,г
697,кофейный ликер,г
698,кофейный ликер Kahlua,г
699,кофейный напиток,мл
700,кофейный сироп,мл
701,кофейный экстракт,г
702,кофе молотый,мл
703,кофе растворимый,ст. л.
704,кофе свежесваренный,г
705,кофе черный,г
706,кофе эспрессо,г
707,крабовое мясо,стакан
708,крабовые палочки,г
709,краб снежный,по вкусу
710,крабы,по вкусу
711,крапива,г
712,краситель-гель пищевой,г
713,краситель пищевой,шт.
714,краситель пищевой вишневый,г
715,краситель пищевой желтый,щепотка
716,краситель пищевой зеленый,г
717,краситель пищевой красный,ст. л.
718,краситель пищевой оранжевый,г
719,краситель пищевой фиолетовый,г
720,краситель пищевой черный,г
721,красная смородина,г
722,"красная смородина, протертая с сахаром",г
723,красноперка,ст. л.
724,красносмородиновое варенье,шт.
725,красный винный соус,г
726,крахмал,г
727,креветки,г
728,креветки замороженные,г
729,креветки королевские,г
730,креветки очищенные,г
731,креветки очищенные в рассоле,г
732,креветки салатные,г
733,креветки сушеные,г
734,креветки тигровые,г
735,крекер,г
736,крекер соленый,г
737,крем заварной,г
738,крем заварной порошковый,г
739,крем-фреш,г
740,кресс-салат,г
741,кровь,г
742,кролик,мл
743,кролик тушка,г
744,кролик филе,г
745,кроличья печень,г
746,круассаны,г
747,крутоны мелкие,по вкусу
748,крыжовник,г
749,крыжовниковое варенье,г
750,кукуруза,банка
751,кукуруза замороженная,г
752,кукуруза консервированная,г
753,кукуруза обжаренная кикос,г
754,кукурузная крупа,г
755,кукурузная мука,г
756,кукурузное масло,г
757,кукурузные лепешки,г
758,кукурузные палочки,шт.
759,кукурузные хлопья,г
760,кукурузные хлопья глазированные,г
761,кукурузные чипсы,г
762,кукурузный (золотой) сироп,г
763,кукурузный крахмал,г
764,кумин,по вкусу
765,кумкваты,г
766,кунжут,горсть
767,кунжутная мука,г
768,кунжутная паста,г
769,кунжутное масло,г
770,кунжутные семечки,г
771,кунжут черный,по вкусу
772,купаты,ч. л.
773,курага,шт.
774,курдючное сало,по вкусу
775,курдючный жир,г
776,куриная ветчина,г
777,куриная кожа,г
778,куриная печень,г
779,куриное карпаччо,г
780,куриное филе,г
781,куриные бедра,г
782,куриные голени,г
783,куриные голени копченые,г
784,куриные грудки,шт.
785,куриные грудки вареные,г
786,куриные грудки копченые,г
787,куриные желудочки,г
788,куриные кости,шт.
789,куриные крылья,г
790,куриные окорочка,г
791,куриные окорочка копченые,г
792,куриные потрошки,г
793,куриные сердечки,г
794,куриный бульон,г
795,куриный паштет,г
796,куриный суповой набор,г
797,куриный фарш,кг
798,курица,г
799,курица вареная,г
800,курица для жарки,г
801,курица копченая,кг
802,курица тушка,г
803,куркума,г
804,куропатки,г
805,кускус,г
806,кускус жемчужный,г
807,кэроб,стакан
808,лаванда,г
809,лаванда сушеная,г
810,лавандовый краситель,щепотка
811,лаваш,ч. л.
812,лаваш армянский,по вкусу
813,лаваш персидский круглый,г
814,лаваш тонкий,г
815,лавровые листья свежие,пласт
816,лавровый лист,шт.
817,лайм,г
818,лайм листья,г
819,лаймовая цедра,шт.
820,лаймовый сок,г
821,лангустины,г
822,лапша,шт.
823,лапша для лагмана,г
824,лапша ширатаки,упаковка
825,лапша яичная в гнездах,г
826,латук,шт.
827,легкие,г
828,лед,г
829,леди-фиш тушка,г
830,лемонграсс (лимонное сорго),шт.
831,лен семена,г
832,лепешки,г
833,лепешки арабские,г
834,лесные орехи,шт.
835,лечо,г
836,ливер,г
837,ликер,г
838,ликер Alchermes,г
839,ликер Amaretto,г
840,ликер Baileys,г
841,ликер Cointreau,г
842,ликер кремовый,г
843,ликер сливочный,г
844,лимонад,г
845,лимонная кислота,г
846,лимонная цедра,г
847,лимонник стебель,г
848,лимонник ягоды,г
849,лимонные корочки засахаренные,г
850,лимонные цукаты,г
851,лимонный сок,г
852,лимонный уксус,г
853,лимонный экстракт,г
854,лимончелло,г
855,лимоны,г
856,лимоны сушеные,г
857,лингвине,шт.
858,лисички,шт.
859,лисички сушеные,г
860,личи,г
861,личи компот,шт.
862,лобстер,г
863,лонган,г
864,лонгконг,г
865,лососевые молоки,шт.
866,лососевый фарш,г
867,лосось,г
868,лосось горячего копчения,г
869,лосось копченый,г
870,лосось свежесоленый,г
871,лосось свежий,г
872,лосось свежий филе,г
873,лосось слабосоленый,г
874,лосось стейки,г
875,лосось филе,г
876,лосось филе на коже,г
877,лосось холодного копчения,г
878,лосятина,г
879,лук белый,кг
880,лук зеленый,по вкусу
881,лук красный,г
882,лук маринованный,по вкусу
883,луковая шелуха,г
884,луковый порошок,г
885,лук-порей,г
886,лук-резанец,горсть
887,лук репчатый,по вкусу
888,лук репчатый мелкий,г
889,лук салатный,г
890,лук сушеный,шт.
891,лук-шалот,г
892,лук-шалот красный,г
893,льняная мука,шт.
894,льняное масло,г
895,льняное семя,ч. л.
896,льняное семя молотое,г
897,любисток,г
898,маасдам,г
899,мадера,г
900,майонез,г
901,майонез домашний,г
902,майонез легкий,г
903,майонезный соус «Слобода» Постный,г
904,майонез оливковый,г
905,майонез «Слобода» Легкий,г
906,майонез «Слобода» На перепелиных яйцах,г
907,майонез «Слобода» Оливковый,г
908,майонез «Слобода» Провансаль,г
909,майонез «Слобода» С лимонным соком,г
910,майонез «Слобода» Сметанный,г
911,майоран,г
912,майоран свежий,г
913,майоран сушеный,по вкусу
914,мак,г
915,макаронные изделия,г
916,макаронные изделия мелкие,г
917,макароны,г
918,макароны-бабочки (farfalle),г
919,макароны-бабочки (farfalle) мини,г
920,макароны баветте,г
921,макароны-бантики,г
922,макароны букатини,г
923,макароны джильи,г
924,макароны диталони,г
925,макароны-звездочки,г
926,макароны орзо,стакан
927,макароны-ракушки (conchiglie),г
928,макароны-ракушки (conchiglie rigate),г
929,макароны-ракушки крупные,г
930,макароны рисони,г
931,макароны-рожки (pipe rigate),г
932,макароны-спиральки (fusilli),г
933,макароны-ушки (orecchiette),г
934,маккерончини,г
935,мак молотый,г
936,маковая масса,г
937,малина,пачка
938,малина замороженная,г
939,"малина, протертая с сахаром",г
940,малина сушеная,стакан
941,малиновое варенье,г
942,малиновое желе,г
943,малиновое пюре,г
944,малиновый джем,г
945,малиновый крем,г
946,малиновый сироп,г
947,малиновый соус,ч. л.
948,малиновый уксус,ч. л.
949,малиновый чай,мл
950,манго,г
951,манговый сироп,по вкусу
952,манго консервированное,мл
953,мангольд,г
954,мангустин,г
955,мандариновое пюре,шт.
956,мандариновые цукаты,г
957,мандариновый сок,г
958,мандарины,г
959,мандарины в собственном соку,по вкусу
960,манная крупа,г
961,маракуйя,г
962,маргарин,г
963,маргарин сливочный,г
964,мармелад,г
965,мармелад бутербродный,по вкусу
966,марсала,г
967,мартини,стакан
968,мартини красный,г
969,марципан,г
970,марципан зеленый,по вкусу
971,марципан розовый,г
972,маршмеллоу,г
973,маршмеллоу крем,г
974,маршмеллоу мини,г
975,маскарпоне,г
976,маслины,г
977,маслины без косточек,г
978,масло авокадо,г
979,масло виноградных косточек,г
980,масло грецкого ореха,г
981,масло для фритюра,ч. л.
982,масло кедрового ореха,г
983,маслята,г
984,мастика,г
985,мастика желатиновая,г
986,мастика шоколадная,г
987,матча,г
988,мафальдине,г
989,маца,г
990,мацони,г
991,маш,г
992,мед,г
993,мед акации,г
994,мед гречишный,г
995,мед жидкий,г
996,мед лавандовый,г
997,мелисса,г
998,меренги,г
999,мидии,шт.
1000,мидии в раковинах,г
1001,мидии в раковинах крупные черные,г
1002,мидии в раковинах мелкие зеленые,г
1003,мидии замороженные,г
1004,мидии копченые в масле,шт.
1005,микрозелень,г
1006,миндаль,горсть
1007,миндаль жареный,г
1008,миндаль измельченный,г
1009,миндальная масса,г
1010,миндальная мука,г
1011,миндальная паста,г
1012,миндальная эссенция,г
1013,миндальное масло,г
1014,миндальное молоко,г
1015,миндальное печенье,г
1016,миндальное пралине,г
1017,миндальные лепестки,г
1018,миндальный ликер,г
1019,миндальный сироп,г
1020,миндальный экстракт,г
1021,миндаль очищенный,капля
1022,миндаль рубленый,г
1023,мини-кукуруза,г
1024,минога,шт.
1025,минтай,г
1026,минтай печень,г
1027,минтай филе,г
1028,мисо-паста,г
1029,мисо-суп,г
1030,можжевельник ягоды,пакет
1031,мойва,г
1032,моллюски,г
1033,молоко,г
1034,"молоко 0,5%",г
1035,"молоко 1,5%",г
1036,"молоко 2,5%",г
1037,"молоко 3,2%",г
1038,"молоко 3,6%",г
1039,молоко 4%,г
1040,молоко 6%,г
1041,молоко козье,г
1042,молоко концентрированное,г
1043,молоко рисовое,г
1044,молоко сгущенное,мл
1045,молоко сгущенное вареное,г
1046,молоко сгущенное с какао,ст. л.
1047,молоко сухое,г
1048,молоко сухое обезжиренное,г
1049,молоко топленое,ст. л.
1050,молочная смесь,г
1051,молочные продукты,г
1052,морепродукты,г
1053,морковное пюре,шт.
1054,морковь,г
1055,морковь вареная,г
1056,морковь крупная,г
1057,морковь молодая,г
1058,морковь по-корейски,г
1059,морковь тертая,г
1060,мороженое,шт.
1061,мороженое ванильное,по вкусу
1062,мороженое клубничное,г
1063,мороженое лимонное,г
1064,мороженое малиновое,по вкусу
1065,мороженое пломбир,г
1066,мороженое шоколадное,г
1067,морошка,мл
1068,морские гребешки,г
1069,морской коктейль,кг
1070,морской коктейль в масле,г
1071,морской коктейль замороженный,упаковка
1072,морской черт,г
1073,морской язык,г
1074,морской язык филе,г
1075,мортаделла,г
1076,моцарелла,г
1077,моцарелла для запекания,г
1078,моцарелла для пиццы,г
1079,моцарелла мини,г
1080,моцарелла с травами,г
1081,моцарелла шарик большой,г
1082,мука,г
1083,мука 1 сорт,г
1084,мука 2 сорт,г
1085,мука «Аладушкин»,г
1086,мука грубого помола,г
1087,мука для темпуры,г
1088,мука из пророщенной пшеницы,г
1089,мука манитоба,ст. л.
1090,мука самоподнимающаяся,г
1091,мука с отрубями,г
1092,мука с семечками,ч. л.
1093,мука хлебопекарная,г
1094,мука цельнозерновая,г
1095,мускат белый,г
1096,мускатное вино,мл
1097,мускатный орех,г
1098,мускатный орех молотый,г
1099,мюсли,г
1100,мягкий творог,г
1101,мясной бульон,г
1102,мясной фарш,г
1103,мясо,г
1104,мясо дикого кабана,г
1105,мясо криля,г
1106,мясо на косточке,г
1107,мята,кг
1108,мята сушеная,г
1109,мятный сироп,г
1110,мятный шнапс,г
1111,нардек,г
1112,нектарины,г
1113,нога ягненка без кости,шт.
1114,нори,г
1115,нуга,г
1116,нуга с орехами,г
1117,нут,г
1118,нутелла,г
1119,нут консервированный,г
1120,нутовая мука,г
1121,облепиха,г
1122,облепиха замороженная,г
1123,облепиховый сироп,г
1124,овощи,стакан
1125,овощная смесь,г
1126,овощная смесь замороженная,г
1127,овощная смесь замороженная для wok,г
1128,овощная смесь по-китайски,г
1129,овощной бульон,г
1130,овсяная мука,по вкусу
1131,овсяное молоко,г
1132,овсяное печенье,стакан
1133,овсяное толокно,г
1134,овсяные зерна,г
1135,овсяные отруби,г
1136,овсяные хлопья,г
1137,овсяные хлопья быстрого приготовления,г
1138,огуречный рассол,г
1139,огурцы,стакан
1140,огурцы консервированные,г
1141,огурцы малосольные,шт.
1142,огурцы маринованные,шт.
1143,огурцы свежие,банка
1144,огурцы соленые,г
1145,одуванчики,г
1146,окорок,г
1147,окорок варено-копченый,г
1148,окунь,г
1149,окунь красный филе,г
1150,окунь морской,г
1151,окунь морской филе,г
1152,окунь филе,г
1153,оленина,г
1154,оливки,г
1155,оливки без косточек,г
1156,оливки зеленые,г
1157,оливки зеленые консервированные,по вкусу
1158,оливки каламата,банка
1159,оливки консервированные,г
1160,"оливки, фаршированные анчоусами",г
1161,оливки черные,г
1162,оливковая паста,по вкусу
1163,оливковое масло,г
1164,оливковое масло Extra Virgin,г
1165,опунция плоды,г
1166,опята,г
1167,опята замороженные,по вкусу
1168,опята маринованные,г
1169,орегано,г
1170,орегано свежий,г
1171,орегано сушеный,г
1172,орехи,г
1173,орехи бразильские,г
1174,орехи макадамия,г
1175,орехи пекан,г
1176,орехи пекан засахаренные,г
1177,орехи пинии,г
1178,ореховая крошка,г
1179,ореховая паста,стакан
1180,ореховое масло,шт.
1181,ореховый ликер,ст. л.
1182,ореховый соус,мл
1183,осетр,ст. л.
1184,осетрина холодного копчения,г
1185,осьминог,г
1186,осьминоги консервированные,г
1187,осьминоги мини,г
1188,отруби,г
1189,ошеек,г
1190,пагр,г
1191,пажитник,г
1192,пажитник семена,г
1193,палтус,г
1194,пальмовое масло,г
1195,пангасиус,г
1196,панеттоне,г
1197,Панифарин,шт.
1198,панчетта,г
1199,папайя,г
1200,папайя консервированная в собственном соку,г
1201,папоротник,г
1202,папоротник соленый,г
1203,паппарделле,упаковка
1204,паприка,г
1205,паприка копченая,г
1206,паприка красная,ст. л.
1207,паприка красная молотая,ст. л.
1208,паприка острая копченая,г
1209,паприка сладкая,г
1210,паприка сладкая копченая,г
1211,паприка сладкая хлопьями,г
1212,пармезан,ч. л.
1213,паста,г
1214,паста веджимайт,г
1215,паста тахини,г
1216,паста хариса,г
1217,пастернак,ст. л.
1218,пастила,г
1219,пастила виноградная,г
1220,патиссоны,г
1221,патока,г
1222,патока крахмальная,г
1223,патока черная (меласса),г
1224,пахта,г
1225,паштет,г
1226,пекарский порошок,г
1227,пекарский порошок,г
1228,пекорино,ч. л.
1229,пектин,г
1230,пеленгас,г
1231,пельмени,г
1232,пенне,г
1233,пенне ригате,г
1234,пеперончино,г
1235,пеперончино молотый,ч. л.
1236,переводной лист для шоколада,щепотка
1237,перепелки,шт.
1238,перец,тушка
1239,перец белый,г
1240,перец белый горошком,г
1241,перец белый молотый,по вкусу
1242,перец белый свежемолотый,г
1243,перец болгарский,ч. л.
1244,перец болгарский желтый,г
1245,перец болгарский зеленый,г
1246,перец болгарский красный,г
1247,перец горошком,г
1248,перец горошком смесь,г
1249,перец душистый,г
1250,перец душистый горошком,щепотка
1251,перец душистый молотый,г
1252,перец испанский острый,г
1253,перец кайенский,шт.
1254,перец кайенский красный,г
1255,перец кайенский молотый,г
1256,перец красный,щепотка
1257,перец красный горошком,г
1258,перец красный жгучий,г
1259,перец красный молотый,г
1260,перец красный острый,г
1261,перец красный острый молотый,г
1262,перец красный хлопьями,по вкусу
1263,перец лимонный,щепотка
1264,перец маринованный,г
1265,перец острый,г
1266,перец острый зеленый,г
1267,перец острый молотый,шт.
1268,перец падрон,щепотка
1269,перец пеперони,г
1270,перец пеперони красный,г
1271,перец розовый горошком,шт.
1272,перец свежемолотый смесь,г
1273,перец сенегальский,г
1274,перец сладкий,по вкусу
1275,перец сладкий желтый,г
1276,перец сладкий зеленый,г
1277,перец сладкий красный,г
1278,перец сладкий красный маринованный,г
1279,перец сладкий красный молотый,шт.
1280,перец сладкий оранжевый,г
1281,перец сладкий сушеный,г
1282,перец сычуаньский,г
1283,перец халапеньо,г
1284,перец халапеньо маринованный,г
1285,перец черный,шт.
1286,перец черный горошком,ст. л.
1287,перец черный молотый,по вкусу
1288,перец черный свежемолотый,г
1289,перец чили,г
1290,перец чили зеленый,г
1291,перец чили красный,стручок
1292,перец чили маринованный,стручок
1293,перец чили молотый,по вкусу
1294,перец чили сухой,г
1295,перец чили хлопьями,ст. л.
1296,перец ямайский,по вкусу
1297,перловая крупа,г
1298,перловая мука,г
1299,персики,г
1300,персики консервированные,г
1301,персики сушеные,г
1302,персиковое пюре,горсть
1303,персиковый джем,г
1304,персиковый мармелад,г
1305,персиковый сироп,ст. л.
1306,персиковый сок,мл
1307,перцовая паста,г
1308,петрушка,ч. л.
1309,петрушка зелень,г
1310,петрушка итальянская,г
1311,петрушка корень,пучок
1312,петрушка рубленая,г
1313,петрушка сушеная,г
1314,печень,г
1315,печенье,г
1316,печенье Oreo,по вкусу
1317,печенье Амаретти,г
1318,печенье бисквитное,г
1319,печенье галетное,г
1320,печенье «Дамские пальчики»,шт.
1321,печенье песочное,г
1322,печенье рассыпчатое,г
1323,печенье Савоярди,г
1324,печенье сахарное,г
1325,печенье сладкое,г
1326,печенье сухое,г
1327,печенье шоколадное,г
1328,печенье Юбилейное молочное,г
1329,пиво,г
1330,пиво имбирное,г
1331,пиво нефильтрованное,мл
1332,пиво светлое,г
1333,пиво темное,г
1334,пикша,банка
1335,питы,шт.
1336,повидло,по вкусу
1337,подсолнечное масло,г
1338,подсолнечные семечки,г
1339,полба,г
1340,полба недозрелая,г
1341,полента,г
1342,полента быстрого приготовления,по вкусу
1343,помело,стакан
1344,помидоры,г
1345,помидоры бурые,г
1346,помидоры вяленые,г
1347,помидоры вяленые в масле,по вкусу
1348,помидоры желтые,г
1349,помидоры зеленые,шт.
1350,помидоры консервированные,кг
1351,помидоры консервированные в собственном соку,г
1352,помидоры консервированные в собственном соку с базиликом,г
1353,помидоры протертые пассата,г
1354,помидоры соленые,г
1355,помидоры сушеные хлопьями,шт.
1356,помидоры черри,г
1357,помидоры черри желтые,г
1358,попкорн,г
1359,поросенок,г
1360,портвейн,кг
1361,портобелло,г
1362,портулак,г
1363,посыпка кондитерская,г
1364,почки,по вкусу
1365,приправа 4 перца,г
1366,приправа 5 специй (five spice),г
1367,приправа для баранины,ч. л.
1368,приправа для картофеля,ст. л.
1369,приправа для курицы,г
1370,приправа для макарон,г
1371,приправа для маринования свинины,по вкусу
1372,приправа для морепродуктов,по вкусу
1373,приправа для мяса,по вкусу
1374,приправа для паэльи,г
1375,приправа для пиццы,по вкусу
1376,приправа для плова,ч. л.
1377,приправа для птицы,г
1378,приправа для рыбы,ст. л.
1379,приправа для салатов,г
1380,приправа заатар,по вкусу
1381,приправа креольская,ч. л.
1382,приправа с сушеными грибами,ст. л.
1383,приправы,ч. л.
1384,прованские травы,г
1385,проволоне,г
1386,просекко,г
1387,простокваша,мл
1388,протеин сывороточный,г
1389,прошутто,г
1390,пряники,г
1391,пряничные специи,г
1392,пряности,г
1393,псиллиум,г
1394,птитим,г
1395,пудинг,г
1396,пудинг ванильный,г
1397,пудинг ванильный инстант,г
1398,пудинг карамельный,упаковка
1399,пшеница,г
1400,пшеничная крупа,г
1401,пшеничная мука,г
1402,пшеничная мука цельнозерновая,г
1403,пшеничные зародыши,г
1404,пшеничные отруби,стакан
1405,пшеничные ростки,г
1406,пшеничные хлопья,г
1407,пшенные хлопья,г
1408,пшено,ст. л.
1409,пыльца цветочная,г
1410,пюре,г
1411,радиккио,по вкусу
1412,разрыхлитель,шт.
1413,раки,г
1414,раковые шейки,шт.
1415,раковые шейки в рассоле,г
1416,рамбутан,г
1417,рапаны,г
1418,рапсовое масло,г
1419,рассол,по вкусу
1420,рассол от каперсов,г
1421,рассол от оливок,ст. л.
1422,растительное масло,ст. л.
1423,растительное масло для жарки,г
1424,растительное масло нерафинированное,г
1425,растительное масло рафинированное,стакан
1426,растительное молоко,г
1427,ревень,стакан
1428,реган,г
1429,редис,веточка
1430,редька,г
1431,редька белая,г
1432,редька зеленая,шт.
1433,редька черная,шт.
1434,репа,шт.
1435,репа белая,г
1436,ржаная закваска,шт.
1437,ржаная закваска густая,г
1438,ржаная мука,г
1439,ржаные отруби,г
1440,ригатони,г
1441,рикотта,г
1442,рикотта твердая,г
1443,рис,г
1444,рис арборио,г
1445,рис басмати,г
1446,рис бурый,г
1447,рис бурый и дикий смесь,г
1448,рис вареный,г
1449,рис виола,г
1450,рис девзира,г
1451,рис дикий,г
1452,рис дикий и золотистый смесь,г
1453,рис длиннозерный,г
1454,рис длиннозерный золотистый,г
1455,рис для плова,г
1456,рис для пудинга,г
1457,рис для ризотто,г
1458,рис для суши,г
1459,рис жасминовый,г
1460,рис золотистый,г
1461,рис индика,г
1462,рис италика,г
1463,рис карнароли,г
1464,рис красный,г
1465,рис круглозерный,г
1466,рис кубанский,г
1467,рисовая бумага,г
1468,рисовая лапша,г
1469,рисовая мука,г
1470,рисовое вино,г
1471,рисовые хлопья,ч. л.
1472,рисовые шарики воздушные,г
1473,рисовый крахмал,г
1474,рисовый уксус,ст. л.
1475,рис пропаренный,по вкусу
1476,рис пропаренный и дикий смесь,г
1477,рис японика,г
1478,рожь,г
1479,розмарин,г
1480,розмарин сушеный,шт.
1481,розовая вода,по вкусу
1482,розовые бутоны сушеные,г
1483,розовые лепестки,г
1484,розы,г
1485,рокфор,г
1486,ром,г
1487,ромашка сушеная,бутылка
1488,ромовый экстракт,г
1489,ром темный,ч. л.
1490,ростбиф,г
1491,рукола,г
1492,рулька,г
1493,рыба,по вкусу
1494,рыба белая,г
1495,рыба белая филе,г
1496,рыба консервированная,г
1497,рыба копченая,банка
1498,рыба копченая филе,г
1499,рыба красная,г
1500,рыба красная соленая,г
1501,рыба красная филе,г
1502,рыба-меч,г
1503,рыба морская,г
1504,рыба солнечник филе,г
1505,рыба-соль,шт.
1506,рыбное филе,г
1507,рыбные консервы,г
1508,рыбные кости,г
1509,"рыбные обрезки, головы, плавники",г
1510,рыбный бульон,по вкусу
1511,рыбный соус,г
1512,рыбный соус Nam Pla,г
1513,рыбный соус тайский,г
1514,рыбный фарш,г
1515,рябина черноплодная,г
1516,рябчик,г
1517,ряженка,г
1518,ряженка 4%,г
1519,сайда,г
1520,сайда филе,г
1521,сайра,г
1522,сайра консервированная,г
1523,саке,банка
1524,салака,ст. л.
1525,салат,г
1526,салат айсберг,г
1527,салат китайский,г
1528,салат корн,г
1529,салат кочанный,пучок
1530,салат кучерявый,г
1531,салат листовой,г
1532,салатный микс,г
1533,салат романо,г
1534,салат фриссе,г
1535,сало,г
1536,сало копченое в перце,г
1537,сало копченое с мясными прослойками,г
1538,сало с мясными прослойками,г
1539,сальник,г
1540,сальса,г
1541,сальса верде,г
1542,салями,ч. л.
1543,салями итальянская,г
1544,сардельки,г
1545,сардельки копченые,г
1546,сардинки маленькие,г
1547,сардины,шт.
1548,сардины в масле,г
1549,сахар,банка
1550,сахар ванильный,г
1551,сахар демерара,г
1552,сахар жемчужный,г
1553,сахар коричневый,г
1554,сахар коричневый крупнокристаллический,г
1555,сахар мусковадо,г
1556,сахарная пудра,г
1557,сахарная пудра апельсиновая,г
1558,сахарная пудра ванильная,г
1559,сахарные жемчужинки,г
1560,сахарные кондитерские украшения,г
1561,сахарный песок,г
1562,сахарный песок крупный,г
1563,сахарный песок мелкий,г
1564,сахарный сироп,г
1565,сахар пальмовый,г
1566,сахар-рафинад,г
1567,сахар-рафинад с корицей,г
1568,сахар тростниковый,г
1569,сванская соль,г
1570,свекла,г
1571,свекла вареная,г
1572,свекольная ботва,г
1573,свекольные листья,г
1574,свиная вырезка,г
1575,свиная голова,г
1576,свиная грудинка,г
1577,свиная корейка,г
1578,свиная корейка копченая,г
1579,свиная корейка на кости,г
1580,свиная лопатка варено-копченая,г
1581,свиная мякоть,г
1582,свиная пашина,г
1583,свиная печень,кг
1584,свиная рулька,г
1585,свиная рулька варено-копченая,по вкусу
1586,свиная рулька копченая,г
1587,свиная шейка,г
1588,свинина,кусок
1589,свинина вареная,г
1590,свинина нежирная,г
1591,свинина с жирком,г
1592,свиное сердце,г
1593,свиное филе,г
1594,свиной подчеревок,г
1595,свиной фарш,г
1596,свиной язык,г
1597,свиные котлеты на косточке,г
1598,свиные легкие,шт.
1599,свиные ножки,г
1600,свиные отбивные,г
1601,свиные отбивные на косточке,г
1602,свиные ребра,г
1603,свиные уши,г
1604,свиные щечки,шт.
1605,свити,шт.
1606,сельдерей,г
1607,сельдерей зелень,г
1608,сельдерей корень,г
1609,сельдерей корень сушеный,г
1610,сельдерейная соль,по вкусу
1611,сельдерей семена,г
1612,сельдерей стебли,ч. л.
1613,сельдь,г
1614,сельдь слабосоленая,г
1615,сельдь соленая,г
1616,сельдь филе,шт.
1617,семга,г
1618,семга копченая,г
1619,семга свежая,г
1620,семга соленая,г
1621,семга филе на коже,г
1622,семечки,г
1623,семечки смесь,г
1624,семолина,ст. л.
1625,сервелат варено-копченый,г
1626,сибас,г
1627,сидр,г
1628,сироп,г
1629,сироп от консервированных груш,г
1630,сироп от консервированных персиков,г
1631,сироп топинамбура,ст. л.
1632,скумбрия,стакан
1633,скумбрия свежая,по вкусу
1634,скумбрия филе,г
1635,скумбрия холодного копчения,г
1636,сливки,г
1637,сливки 10-20%,упаковка
1638,сливки 15%,г
1639,сливки 20%,г
1640,сливки 33-35%,г
1641,сливки жирные,г
1642,сливки кондитерские,г
1643,сливовая паста,г
1644,сливовое варенье,г
1645,сливовое вино,г
1646,сливовый джем,г
1647,сливовый ликер,г
1648,сливовый соус,ст. л.
1649,сливочное масло,г
1650,сливы,г
1651,сливы замороженные,кг
1652,смалец,г
1653,смесь для кекса,г
1654,смесь для оладий,шт.
1655,смесь для хлеба 8 злаков,г
1656,сметана,г
1657,сметана 10%,г
1658,сметана 15%,г
1659,сметана 18%,ч. л.
1660,сметана 20%,г
1661,сметана 25%,г
1662,сметана 30%,г
1663,сметана 35%,г
1664,сметана жирная,г
1665,сметана нежирная,г
1666,сметана некислая,г
1667,смородина сушеная,г
1668,смородиновые листья,г
1669,сморчки сухие,г
1670,снежок,г
1671,сныть,л
1672,сода,г
1673,соевая мука,г
1674,соевое масло,г
1675,соевое молоко,г
1676,соевые ростки,г
1677,соевый соус,г
1678,сок,г
1679,сок из красных апельсинов,г
1680,сок мультивитаминный,мл
1681,сок юзу,мл
1682,солод,мл
1683,солод жидкий,ч. л.
1684,солодовый экстракт,г
1685,солод темный,г
1686,соломка,г
1687,соль,г
1688,соль гималайская,г
1689,соль крупного помола,г
1690,соль морская,г
1691,сом филе,г
1692,сосиски,шт.
1693,сосиски из куриного фарша,шт.
1694,сосиски копченые,шт.
1695,соус,г
1696,соус black bean,г
1697,соус sambal oelek,ст. л.
1698,соус барбекю,ч. л.
1699,соус краснодарский,г
1700,соус красный острый,г
1701,соус мирин,г
1702,соус наршараб,по вкусу
1703,соус острый,г
1704,соус песто,г
1705,соус сацебели,по вкусу
1706,соус табаско,г
1707,соус терияки,капля
1708,соус ткемали,г
1709,соус ткемали благородный,стакан
1710,соус ткемали ранний,г
1711,соус устричный,ст. л.
1712,соус чили,ч. л.
1713,соус чили сладкий,г
1714,соус экзотический,ч. л.
1715,соя,г
1716,спагетти,г
1717,спагетти № 3,г
1718,спагетти № 5,г
1719,спагетти лунги,г
1720,спаржа,г
1721,спаржа белая,кг
1722,спаржа зеленая,г
1723,спаржа молодая,г
1724,спек,г
1725,спельта,г
1726,спельтовая (полбяная) мука,стакан
1727,специи,г
1728,спирт,г
1729,спирулина порошок,г
1730,спред,г
1731,ставрида,г
1732,стейк семги,г
1733,стейк семги,шт.
1734,стеклянная лапша,г
1735,страчателла,г
1736,судак,г
1737,судак филе,г
1738,судак филе на коже,г
1739,сулугуни,г
1740,сулугуни копченый,г
1741,сумах,г
1742,суповой набор,г
1743,сухари,г
1744,сухари белые,по вкусу
1745,сухари молотые,г
1746,сухари панировочные,г
1747,сухари ржаные,г
1748,сухарная крошка,г
1749,сухофрукты,г
1750,сухофрукты тропические,г
1751,сушки,по вкусу
1752,сыворотка,г
1753,сыр,г
1754,сыр tete de moine,г
1755,сыр Австрия блю,г
1756,сыр адыгейский,г
1757,сыр бри,г
1758,сыр буко,г
1759,сыр гауда,г
1760,сыр гойя,г
1761,сыр голландский,г
1762,сыр голубой,г
1763,сыр гравьера,г
1764,сыр джугас,г
1765,сыр домашний,г
1766,сыр дорблю,г
1767,сыр имеретинский,г
1768,сыр кефалотири,г
1769,сырки творожные,г
1770,сыр козий мягкий,г
1771,сыр козий твердый,г
1772,сыр колбасный,г
1773,сыр копченый,г
1774,сыр коттедж,г
1775,сыр Маскарпоне,г
1776,сыр мраморный,г
1777,сыр мягкий,г
1778,сыр овечий,по вкусу
1779,сыр панир,г
1780,сыр пеше миньон,г
1781,сыр плавленый,г
1782,сыр плавленый шоколадный,г
1783,сыр пластинками,г
1784,сыр полутвердый,г
1785,сыр провола,г
1786,сыр российский,г
1787,сыр скаморца,г
1788,сыр скаморца копченый,г
1789,сыр сливочный,г
1790,сыр с плесенью,г
1791,сыр с плесенью мягкий,г
1792,сыр твердый,г
1793,сыр филадельфия,г
1794,сыр фонтина,г
1795,сыр хаварти,г
1796,сыр швейцарский,г
1797,сычужный фермент,г
1798,таледжо,ч. л.
1799,тальолини,г
1800,тальятелле,г
1801,тальятелле-гнезда,г
1802,тамаринд,шт.
1803,тамариндовая паста,шт.
1804,тапиока,ч. л.
1805,тарталетки,г
1806,тартар,по вкусу
1807,тархун,ст. л.
1808,творог,г
1809,творог 18%,г
1810,творог 2%,г
1811,творог 5%,г
1812,творог 9%,г
1813,творог жирный,г
1814,творог зерненый,г
1815,творог обезжиренный,г
1816,творожная масса,г
1817,творожная паста,г
1818,творожный сыр,г
1819,творожный сыр соленый,г
1820,творожок клубничный,г
1821,текила,г
1822,телятина,стакан
1823,телятина вареная,по вкусу
1824,телячий фарш,г
1825,телячьи отбивные на косточке,г
1826,телячьи шницели,шт.
1827,телячьи эскалопы,шт.
1828,телячья вырезка,г
1829,телячья печень,г
1830,телячья щека,г
1831,тесто бездрожжевое,шт.
1832,тесто готовое,г
1833,тесто для вонтонов,г
1834,тесто для пиццы,г
1835,тесто дрожжевое,шт.
1836,тесто катаифи,по вкусу
1837,тесто макаронное,г
1838,тесто макаронное для лазаньи,г
1839,тесто пельменное,г
1840,тесто песочное,г
1841,тесто пресное,по вкусу
1842,тесто пряничное,г
1843,тесто слоеное,г
1844,тесто слоеное бездрожжевое,г
1845,тесто слоеное дрожжевое,по вкусу
1846,тесто фило,кг
1847,тилапия,г
1848,тилапия филе,г
1849,тильзитер,г
1850,тимьян,г
1851,тимьян лимонный,горсть
1852,тимьян свежий,веточка
1853,тимьян сушеный,по вкусу
1854,ткемали,г
1855,тмин,г
1856,тмин молотый,г
1857,томатная паста,г
1858,томатное пюре,г
1859,томатный концентрат,г
1860,томатный порошок,г
1861,томатный сок,г
1862,томатный соус,г
1863,томатный соус итальянский,г
1864,томатный соус острый,г
1865,томатный соус с базиликом,г
1866,тоник,г
1867,топинамбур,бутылка
1868,топленое масло,г
1869,тортильи,г
1870,тортильони,по вкусу
1871,тофу,г
1872,травы ароматные,г
1873,травы пряные с перцем,г
1874,травы сухие,ч. л.
1875,треска,г
1876,треска печень,г
1877,треска филе,г
1878,трюфель,г
1879,трюфельная крошка,г
1880,трюфельное масло,г
1881,трюфель черный,ст. л.
1882,тунец,шт.
1883,тунец консервированный,по вкусу
1884,тунец филе,г
1885,тушенка,г
1886,тыква,г
1887,тыквенное масло,г
1888,тыквенное пюре,шт.
1889,тыквенные семечки,г
1890,тюлька свежая,г
1891,угорь,г
1892,угорь копченый,г
1893,угурт,г
1894,укроп,г
1895,укропное семя,г
1896,укроп свежий,ч. л.
1897,укроп сушеный,г
1898,уксус,г
1899,уксус 9%,г
1900,уксус из сидра,г
1901,уксусная эссенция,ст. л.
1902,уксус столовый,г
1903,улитки,г
1904,улитки виноградные,г
1905,урюк,шт.
1906,устрицы,г
1907,утиная грудка,г
1908,утиная печень,г
1909,утиное филе,г
1910,утиные бедрышки,г
1911,утиные ножки,г
1912,утка,по вкусу
1913,утка печеная,по вкусу
1914,утка тушка,г
1915,уцхо-сунели,тушка
1916,фазан,г
1917,фарш (баранина и говядина),г
1918,фарш (свинина и курица),г
1919,фасоль,г
1920,фасоль белая,г
1921,фасоль белая консервированная,г
1922,фасоль белая лима,г
1923,фасоль зеленая стручковая,г
1924,фасоль кенийская,г
1925,фасоль кидни красная,горсть
1926,фасоль консервированная,г
1927,фасоль красная,г
1928,фасоль красная вареная,г
1929,фасоль красная консервированная,стакан
1930,фасоль молодая замороженная,г
1931,фасоль пинто,г
1932,фасоль спаржевая вареная,г
1933,фасоль стручковая,г
1934,фасоль стручковая замороженная,г
1935,фасоль стручковая консервированная,г
1936,фасоль черный глаз,г
1937,фейхоа,г
1938,фенхель,г
1939,фенхель семена,г
1940,фенхель семена молотые,г
1941,фестонате,г
1942,фета,г
1943,фетаки,г
1944,фетакса,г
1945,феттучине,г
1946,фиалки засахаренные,г
1947,фиалковый сироп,шт.
1948,физалис,г
1949,филе красного окуня,по вкусу
1950,филе лосося,шт.
1951,филе палтуса,г
1952,финики,шт.
1953,финики без косточек,г
1954,финики иранские,стакан
1955,финики иранские без косточек,г
1956,фисташки,шт.
1957,фисташки очищенные,г
1958,фисташки очищенные несоленые,г
1959,фисташки рубленые,горсть
1960,фисташковая мука,г
1961,фисташковая паста,г
1962,фисташковое масло,г
1963,фокачча,г
1964,форель,по вкусу
1965,форель вареная,г
1966,форель горячего копчения,г
1967,форель озерная свежая,г
1968,форель слабосоленая,шт.
1969,форель слабосоленая,г
1970,форель стейки,г
1971,форель филе,шт.
1972,форель холодного копчения,г
1973,фрикадельки,г
1974,фрукт дракона,г
1975,фруктовый сироп,шт.
1976,фруктовый сок,г
1977,фруктовый сок без сахара,г
1978,фруктоза,стакан
1979,фрукты,г
1980,фрукты консервированные,г
1981,фундук,г
1982,фундучная мука,г
1983,фунчоза,г
1984,халва,г
1985,халва ванильная,г
1986,халва подсолнечная,г
1987,халуми,г
1988,хамон,г
1989,хек,г
1990,хек филе,г
1991,херес,г
1992,хересный уксус,стакан
1993,хлеб,кусок
1994,хлеб 7 злаков,г
1995,хлеб белый,батон
1996,хлеб белый сухой,г
1997,хлеб бородинский,г
1998,хлеб датский ржаной,кусок
1999,хлеб для сэндвичей,г
2000,хлебная крошка,г
2001,хлеб ржаной,г
2002,хлеб серый,г
2003,хлеб с кунжутом,г
2004,хлеб цельнозерновой,кусок
2005,хлебцы пшенично-ржаные цельнозерновые,г
2006,хлопья 4 злака,г
2007,хлопья 5 злаков,г
2008,хлопья 7 злаков,г
2009,хлопья быстрого приготовления,ст. л.
2010,хлорид кальция,стакан
2011,хмели-сунели,г
2012,хмель,г
2013,хрен,г
2014,хрен протертый,г
2015,хрен со сливками,г
2016,хурма,г
2017,хурма спелая,г
2018,цесарка тушка,г
2019,цикорий,г
2020,цитроновые цукаты,ч. л.
2021,цитрусовые цукаты,горсть
2022,цитрусовый свежевыжатый сок,мл
2023,цукаты,мл
2024,цукини,г
2025,цукини цветы,г
2026,цыплята,шт.
2027,цыплята-корнишоны,г
2028,чабер,шт.
2029,чабрец,г
2030,чабрец сушеный,г
2031,чай дарджилинг,г
2032,чай жасминовый,пакетик
2033,чай зеленый,ст. л.
2034,чай копченый лапсанг сушонг,пакетик
2035,чай красный,г
2036,чай ройбуш,г
2037,чай черный,ст. л.
2038,чай черный крупнолистовой,г
2039,чай черный со специями,ч. л.
2040,чай эрл грей,пакет
2041,чатни манго,стакан
2042,чеддер,г
2043,черемуха,г
2044,черемуховая мука,г
2045,черемша,г
2046,черешневый джем,г
2047,черешня,г
2048,черешня консервированная без косточек,г
2049,черная смородина,г
2050,черника,г
2051,черника замороженная,г
2052,чернила каракатицы,г
2053,черничный джем,г
2054,чернослив,г
2055,чернослив без косточек,г
2056,чернослив вяленый,г
2057,чернослив копченый без косточек,г
2058,черносмородиновое варенье,г
2059,черносмородиновый джем,г
2060,чеснок,г
2061,чеснок молодой,г
2062,чеснок сушеный,г
2063,чесночная соль,г
2064,чесночное масло,мл
2065,чесночный порошок,по вкусу
2066,чечевица,г
2067,чечевица вареная,г
2068,чечевица зеленая,ст. л.
2069,чечевица красная,г
2070,чечил спагетти,г
2071,чиабатта,г
2072,чиа семена,кусок
2073,чипотле молотый,г
2074,чипсы,щепотка
2075,чоризо,г
2076,шалфей,г
2077,шалфей свежий,г
2078,шалфей сушеный,пучок
2079,шампанское,мл
2080,шампанское советское,мл
2081,шампанское сухое,мл
2082,шампиньоны,ст. л.
2083,шампиньоны замороженные,г
2084,шампиньоны консервированные,г
2085,шампиньоны маринованные,г
2086,шампиньоны свежие,г
2087,шафран,г
2088,шафран имеретинский,г
2089,шафран молотый,г
2090,шафран нити,ч. л.
2091,шелковица,шт.
2092,шелковица сушеная,г
2093,шиповник,г
2094,шиповниковый сироп,г
2095,шнапс,г
2096,шнитт-лук,г
2097,шоколад,г
2098,шоколад белый,г
2099,шоколад горький с апельсиновой цедрой,г
2100,шоколад молочный,г
2101,шоколад мятный,г
2102,шоколадная паста,г
2103,шоколадная стружка,г
2104,шоколадное масло,г
2105,шоколадно-ореховая паста,г
2106,шоколадные горошины,г
2107,шоколадные капли,г
2108,шоколадные капли белые,г
2109,шоколадные конфеты,г
2110,шоколадные хлопья,г
2111,шоколадные шарики из готовых завтраков,г
2112,шоколадный ликер,мл
2113,шоколадный сироп,г
2114,шоколадный соус,г
2115,шоколад полусладкий,г
2116,шоколад с орехами,г
2117,шоколад черный горький,г
2118,шоколад черный горький 70%,г
2119,шоколад черный горький 75%,г
2120,шоколад черный горький 85%,г
2121,шортенинг,г
2122,шпик,г
2123,шпик копченый,г
2124,шпинат,г
2125,шпинат замороженный,г
2126,шпинат молодой,г
2127,шпинат свежий,г
2128,шпроты,г
2129,шпроты в масле,г
2130,шрот,г
2131,щавель замороженный,г
2132,щавель свежий,г
2133,щука,г
2134,щука филе,г
2135,эгг-ног,г
2136,эдам,г
2137,эль,г
2138,эмменталь,г
2139,эскалоп,г
2140,эстрагон,г
2141,эстрагон сушеный,г
2142,яблоки,веточка
2143,яблоки антоновка,г
2144,яблоки гала,кг
2145,яблоки голден,г
2146,яблоки гренни смит,г
2147,яблоки зеленые,кг
2148,яблоки красные,г
2149,яблоки моченые,шт.
2150,яблоки нетвердых сортов,шт.
2151,яблоки сладкие,г
2152,яблоки сушеные,г
2153,яблочная эссенция,г
2154,яблочное варенье,ч. л.
2155,яблочное повидло,г
2156,яблочное пюре,г
2157,яблочные чипсы,г
2158,яблочный джем,стакан
2159,яблочный сироп,г
2160,яблочный сок,ст. л.
2161,яблочный соус,г
2162,яблочный уксус,ст. л.
2163,ягнятина,г
2164,ягнятина кострец,г
2165,ягнятина фарш,г
2166,ягнячьи отбивные на косточке,г
2167,ягнячья голень нарубленная,шт.
2168,ягнячья корейка,г
2169,ягодное варенье,г
2170,ягодное желе,ст. л.
2171,ягодный сироп,г
2172,ягодный сок,г
2173,ягодный соус кислый,г
2174,ягоды,г
2175,ягоды вяленые,г
2176,ягоды замороженные,по вкусу
2177,ягоды лесные,г
2178,ягоды лесные замороженные,г
2179,яичные белки,шт.
2180,яичные желтки,шт.
2181,яичные желтки вареные,шт.
2182,яичные желтки крупные,шт.
2183,яичный меланж,г
2184,яичный порошок,г
2185,яйца куриные,шт.
2186,яйца куриные крупные,шт.
2187,яйца перепелиные,шт.
2188,японская крошка панко,г
2189,ячменные хлопья,г
2190,ячмень,г
2191,ячневая крупа,г
